{"cameraMode":{"drawMode":0,"name":"Shaded","section":"Shading Mode"},"sceneLighting":false,"audioPlay":false,"sceneViewState":{"m_AlwaysRefresh":false,"showFog":true,"showSkybox":true,"showFlares":true,"showImageEffects":true,"showParticleSystems":true,"showVisualEffectGraphs":true,"m_FxEnabled":true},"in2DMode":false,"pivot":{"x":-0.2426128387451172,"y":0.11966538429260254,"z":-9.092180252075196},"rotation":{"x":-0.05489896610379219,"y":-0.8993992805480957,"z":0.11832423508167267,"w":-0.4172738790512085},"size":2.5572590827941896,"orthographic":false}